Days from earliest imaging to surgery,Age,Sex ,Preoperative KPS,Previous treatment,Histopathological subtype,WHO grade,IDH status,Operative adjuncts,Preoperative contrast enhancing tumor volume (cm3),Postoperative contrast enhancing residual tumor (cm3),Preoperative T2/FLAIR abnormality (cm3),Postoperative T2/FLAIR abnormality (cm3),Extent of resection [EOR] %,EOR Category,Adjuvant therapy,Radiotherapy treatment details,Postoperative Neurological Deficit,Postoperative KPS,Progression free survival [PFS] (days),Overall survival [OS] (days),Right Censored
29,59,female,70,no,glioblastoma,4,mut,5ALA+NAV+ioUS,31.97,0.61,88.99,61.94,98.1,NTR,RT + TMZ,VMAT-IMRT-IGRT/60 Gy /30 fx,No,70,384,664,no
15,63,female,70,surgery,glioblastoma,4,wt,5ALA+FL+NAV+ioUS,62.31,0.78,46.91,4.7,98.7,NTR,RT + TMZ,VMAT-IMRT-IGRT/40.5 Gy /15 fx,Major Persistent,70,398,500,yes
8,72,female,90,no,glioblastoma,4,wt,5ALA+NAV+DES+ioUS,59.45,0.93,81.5,9.16,98.4,NTR,RT + TMZ,VMAT-IMRT-IGRT/60 Gy /30 fx,No,80,362,450,yes
21,63,male,90,no,glioblastoma,4,mut,5ALA+FL+NAV+ioUS,119.56,1.46,69.15,36.08,98.8,NTR,RT + TMZ,VMAT-IMRT-IGRT/60 Gy /30 fx,No,90,573,687,no
19,50,female,60,no,glioblastoma,4,wt,5ALA+NAV+DES+ioUS,107.79,1.04,92.41,32.84,99,NTR,RT + TMZ,VMAT-IMRT-IGRT/50 Gy /20 fx,No,60,373,567,no
23,47,male,80,no,glioblastoma,4,mut,5ALA+NAV+ioUS,56.14,0.74,122.03,45.21,98.7,NTR,RT + TMZ,VMAT-IMRT-IGRT/50 Gy /20 fx,Transient,80,435,717,no
11,75,female,60,no,glioblastoma,4,mut,5ALA+FL+NAV+ioUS,75.13,0.83,117.32,58.09,98.9,NTR,RT + TMZ,VMAT-IMRT-IGRT/50 Gy /20 fx,No,60,128,335,no
11,77,female,80,no,glioblastoma,4,wt,5ALA+NAV+ioUS,90,1.08,88.19,20.66,98.8,NTR,RT + TMZ,VMAT-IMRT-IGRT/50 Gy /20 fx,No,80,582,812,yes
24,79,female,80,no,glioblastoma,4,wt,5ALA+NAV+DES+ioUS,5.15,0.08,133.36,33.1,98.4,NTR,RT + TMZ,VMAT-IMRT-IGRT/40.5 Gy /15 fx,No,70,781,843,no
24,59,male,90,no,glioblastoma,4,wt,5ALA+NAV+IONM+DES+ioUS,107.5,1.03,74.63,32.78,99,NTR,RT + TMZ,VMAT-IMRT-IGRT/50 Gy /20 fx,Transient,90,516,586,yes
3,74,female,50,no,glioblastoma,4,wt,5ALA+NAV+IONM+DES+ioUS,103.36,0.08,144.51,90.75,99.9,NTR,RT + TMZ,VMAT-IMRT-IGRT/60 Gy /30 fx,No,50,360,556,no
22,64,female,50,no,glioblastoma,4,wt,5ALA+FL+NAV+ioUS,55.43,0.18,20.69,11.04,99.7,NTR,RT + TMZ,VMAT-IMRT-IGRT/40.5 Gy /15 fx,No,40,402,504,no
2,74,female,70,surgery,glioblastoma,4,wt,5ALA+NAV+ioUS,47.55,0.42,153.2,47.21,99.1,NTR,RT + TMZ,VMAT-IMRT-IGRT/50 Gy /20 fx,No,70,552,620,no
24,64,female,90,no,glioblastoma,4,wt,5ALA+NAV+ioUS,33.48,0.49,108.2,43.41,98.5,NTR,RT + TMZ,VMAT-IMRT-IGRT/60 Gy /30 fx,No,70,319,425,no
30,68,male,80,no,glioblastoma,4,wt,5ALA+FL+NAV+ioUS,57.72,0.68,67.01,14.71,98.8,NTR,RT + TMZ,VMAT-IMRT-IGRT/40.5 Gy /15 fx,No,80,158,232,yes
2,57,female,50,surgery + QT/RT,glioblastoma,4,wt,5ALA+NAV+IONM+DES+ioUS,6.28,0.08,39.57,6.02,98.7,NTR,RT + TMZ,VMAT-IMRT-IGRT/40.5 Gy /15 fx,Minor Persistent,50,378,641,no
21,57,male,80,no,glioblastoma,4,wt,5ALA+NAV+DES+ioUS,102.41,0.98,81.88,53.05,99,NTR,RT + TMZ,VMAT-IMRT-IGRT/50 Gy /20 fx,No,80,518,598,no
33,41,male,50,surgery + QT/RT,glioblastoma,4,mut,5ALA+FL+NAV+ioUS,5.22,0.06,39.18,11.2,98.9,NTR,RT + TMZ,VMAT-IMRT-IGRT/40.5 Gy /15 fx,Transient,30,404,534,no
12,74,male,50,no,glioblastoma,4,wt,5ALA+NAV+DES+ioUS,40.16,0.26,34.95,7.84,99.4,NTR,RT + TMZ,VMAT-IMRT-IGRT/60 Gy /30 fx,No,50,623,855,yes
22,55,male,50,no,glioblastoma,4,wt,5ALA+NAV+IONM+DES+ioUS,111.86,1.05,102.6,59.93,99.1,NTR,RT + TMZ,VMAT-IMRT-IGRT/40.5 Gy /15 fx,Transient,50,299,371,no
25,80,male,90,no,glioblastoma,4,wt,5ALA+NAV+ioUS,88.49,1.32,88.46,47.12,98.5,NTR,RT + TMZ,VMAT-IMRT-IGRT/60 Gy /30 fx,No,90,656,737,no
27,75,male,60,no,glioblastoma,4,wt,5ALA+NAV+IONM+DES+ioUS,34.49,0.6,110.51,60.03,98.3,NTR,RT + TMZ,VMAT-IMRT-IGRT/40.5 Gy /15 fx,No,60,502,741,yes
28,72,female,80,no,glioblastoma,4,wt,5ALA+FL+NAV+ioUS,31.07,0.27,149.44,38.89,99.1,NTR,RT + TMZ,VMAT-IMRT-IGRT/50 Gy /20 fx,Major Persistent,80,130,253,no
16,43,male,90,no,glioblastoma,4,wt,5ALA+NAV+ioUS,1.6,0,89.84,23.61,100,GTR,RT + TMZ,VMAT-IMRT-IGRT/60 Gy /30 fx,Transient,70,158,217,no
15,72,male,90,no,glioblastoma,4,wt,5ALA+FL+NAV+ioUS,83.79,0.27,97.14,24.73,99.7,NTR,RT + TMZ,VMAT-IMRT-IGRT/40.5 Gy /15 fx,No,90,454,731,no
3,53,male,90,no,glioblastoma,4,mut,5ALA+FL+NAV+ioUS,6.81,0,23.44,5.19,100,GTR,RT + TMZ,VMAT-IMRT-IGRT/40.5 Gy /15 fx,No,80,528,777,yes
7,60,female,90,surgery,glioblastoma,4,wt,5ALA+NAV+IONM+DES+ioUS,64.38,0.84,117.65,65.77,98.7,NTR,RT + TMZ,VMAT-IMRT-IGRT/40.5 Gy /15 fx,Minor Persistent,90,292,395,yes
21,59,female,90,no,glioblastoma,4,wt,5ALA+FL+NAV+ioUS,115.49,0.77,69.99,48.55,99.3,NTR,RT + TMZ,VMAT-IMRT-IGRT/60 Gy /30 fx,No,90,118,219,yes
9,47,male,70,no,glioblastoma,4,wt,5ALA+NAV+IONM+DES+ioUS,14.03,0.15,156.51,95.01,98.9,NTR,RT + TMZ,VMAT-IMRT-IGRT/60 Gy /30 fx,Transient,70,783,980,no
18,46,female,80,surgery,glioblastoma,4,mut,5ALA+NAV+ioUS,107.44,1.06,133.48,87.36,99,NTR,RT + TMZ,VMAT-IMRT-IGRT/60 Gy /30 fx,Transient,80,123,332,no
4,42,male,90,no,glioblastoma,4,mut,5ALA+NAV+IONM+DES+ioUS,118.99,0.19,88.37,33.88,99.8,NTR,RT + TMZ,VMAT-IMRT-IGRT/50 Gy /20 fx,No,80,233,396,yes
25,56,male,80,no,glioblastoma,4,wt,5ALA+NAV+ioUS,8.32,0.07,28.48,15.89,99.2,NTR,RT + TMZ,VMAT-IMRT-IGRT/50 Gy /20 fx,No,60,780,843,no
14,72,female,70,no,glioblastoma,4,wt,5ALA+NAV+IONM+DES+ioUS,106.07,0.47,138.91,48.34,99.6,NTR,RT + TMZ,VMAT-IMRT-IGRT/60 Gy /30 fx,No,70,683,910,no
9,51,male,70,no,glioblastoma,4,wt,5ALA+NAV+DES+ioUS,62.41,0.52,129.97,60.81,99.2,NTR,RT + TMZ,VMAT-IMRT-IGRT/40.5 Gy /15 fx,No,70,781,986,yes
26,61,female,80,no,glioblastoma,4,wt,5ALA+NAV+DES+ioUS,108.88,0.44,37.69,16.48,99.6,NTR,RT + TMZ,VMAT-IMRT-IGRT/50 Gy /20 fx,No,80,184,343,no
2,61,female,50,no,glioblastoma,4,wt,5ALA+FL+NAV+ioUS,68.99,1.16,54.29,12.15,98.3,NTR,RT + TMZ,VMAT-IMRT-IGRT/60 Gy /30 fx,Minor Persistent,30,539,832,no
20,69,male,60,surgery,glioblastoma,4,wt,5ALA+NAV+IONM+DES+ioUS,79.79,0.28,129.01,47.86,99.6,NTR,RT + TMZ,VMAT-IMRT-IGRT/40.5 Gy /15 fx,No,60,303,405,no
28,77,male,50,no,glioblastoma,4,NOS,5ALA+NAV+IONM+DES+ioUS,65.71,1.26,37.78,29.27,98.1,NTR,RT + TMZ,VMAT-IMRT-IGRT/50 Gy /20 fx,Transient,50,536,737,no
7,77,female,50,no,glioblastoma,4,wt,5ALA+NAV+ioUS,103.87,0.86,147.66,40.46,99.2,NTR,RT + TMZ,VMAT-IMRT-IGRT/40.5 Gy /15 fx,No,40,676,804,yes
8,84,male,50,no,glioblastoma,4,wt,5ALA+FL+NAV+ioUS,88.34,1.5,73.68,14.27,98.3,NTR,RT + TMZ,VMAT-IMRT-IGRT/40.5 Gy /15 fx,No,50,632,703,no
14,47,male,90,no,glioblastoma,4,wt,5ALA+NAV+IONM+DES+ioUS,63.03,0.79,23.06,9.06,98.7,NTR,RT + TMZ,VMAT-IMRT-IGRT/40.5 Gy /15 fx,No,90,183,262,no
17,66,male,70,no,glioblastoma,4,wt,5ALA+FL+NAV+ioUS,104.31,1.53,132.36,86.46,98.5,NTR,RT + TMZ,VMAT-IMRT-IGRT/40.5 Gy /15 fx,No,70,678,918,no
4,66,female,50,no,glioblastoma,4,mut,5ALA+NAV+DES+ioUS,30.19,0.46,66.03,33.51,98.5,NTR,RT + TMZ,VMAT-IMRT-IGRT/50 Gy /20 fx,No,30,83,136,no
2,73,female,70,no,glioblastoma,4,wt,5ALA+NAV+IONM+DES+ioUS,19.72,0.2,88.97,51.31,99,NTR,RT + TMZ,VMAT-IMRT-IGRT/50 Gy /20 fx,No,70,110,364,no
6,60,male,80,no,glioblastoma,4,wt,5ALA+NAV+IONM+DES+ioUS,20.09,0.22,26.85,6.25,98.9,NTR,RT + TMZ,VMAT-IMRT-IGRT/50 Gy /20 fx,Transient,80,136,244,no
4,69,female,60,no,glioblastoma,4,wt,5ALA+FL+NAV+ioUS,40.75,0.42,10.39,5.54,99,NTR,RT + TMZ,VMAT-IMRT-IGRT/60 Gy /30 fx,No,60,286,550,no
29,72,female,80,no,glioblastoma,4,wt,5ALA+NAV+IONM+DES+ioUS,29.4,0.35,105.7,34.51,98.8,NTR,RT + TMZ,VMAT-IMRT-IGRT/50 Gy /20 fx,No,80,704,761,no
18,67,female,80,no,glioblastoma,4,wt,5ALA+FL+NAV+ioUS,111.68,0.07,87.28,59.7,99.9,NTR,RT + TMZ,VMAT-IMRT-IGRT/40.5 Gy /15 fx,No,80,578,837,no
26,72,female,90,no,glioblastoma,4,wt,5ALA+NAV+IONM+DES+ioUS,13.59,0.11,99.03,53.53,99.2,NTR,RT + TMZ,VMAT-IMRT-IGRT/50 Gy /20 fx,No,90,159,220,no
34,44,female,60,no,glioblastoma,4,wt,5ALA+NAV+ioUS,84.18,1.02,129.06,30.87,98.8,NTR,RT + TMZ,VMAT-IMRT-IGRT/40.5 Gy /15 fx,No,60,265,433,yes
10,58,male,80,no,glioblastoma,4,wt,5ALA+FL+NAV+ioUS,23.52,0.28,106.99,15.54,98.8,NTR,RT + TMZ,VMAT-IMRT-IGRT/60 Gy /30 fx,No,80,680,888,yes
14,43,male,80,no,glioblastoma,4,wt,5ALA+NAV+IONM+DES+ioUS,105.91,1.68,36.22,4.7,98.4,NTR,RT + TMZ,VMAT-IMRT-IGRT/40.5 Gy /15 fx,No,80,777,1032,yes
31,74,male,60,surgery,glioblastoma,4,wt,5ALA+NAV+DES+ioUS,115.4,1.51,64.12,23.08,98.7,NTR,RT + TMZ,VMAT-IMRT-IGRT/40.5 Gy /15 fx,No,60,414,497,no
15,56,female,60,no,glioblastoma,4,wt,5ALA+NAV+IONM+DES+ioUS,56.39,1.12,145.88,41.74,98,NTR,RT + TMZ,VMAT-IMRT-IGRT/40.5 Gy /15 fx,No,50,506,637,no
8,83,female,80,no,glioblastoma,4,wt,5ALA+NAV+DES+ioUS,105.61,0.6,125.49,69.3,99.4,NTR,RT + TMZ,VMAT-IMRT-IGRT/60 Gy /30 fx,Transient,80,495,792,no
14,67,male,60,no,glioblastoma,4,wt,5ALA+NAV+DES+ioUS,1.61,0.01,93.5,42.03,99.4,NTR,RT + TMZ,VMAT-IMRT-IGRT/50 Gy /20 fx,No,50,536,683,no
23,69,female,80,no,glioblastoma,4,wt,5ALA+NAV+ioUS,98.57,0.76,48.35,13.84,99.2,NTR,RT + TMZ,VMAT-IMRT-IGRT/50 Gy /20 fx,No,70,203,379,no
21,68,male,80,surgery + QT/RT,glioblastoma,4,wt,5ALA+FL+NAV+ioUS,28.21,0.26,55.31,11.31,99.1,NTR,RT + TMZ,VMAT-IMRT-IGRT/60 Gy /30 fx,No,80,39,163,yes
16,45,male,90,no,glioblastoma,4,wt,5ALA+NAV+IONM+DES+ioUS,109.14,1.82,119.79,22.65,98.3,NTR,RT + TMZ,VMAT-IMRT-IGRT/40.5 Gy /15 fx,No,90,577,731,no
18,74,male,50,no,glioblastoma,4,wt,5ALA+NAV+ioUS,1.13,0.01,137.68,97.1,99.1,NTR,RT + TMZ,VMAT-IMRT-IGRT/50 Gy /20 fx,Minor Persistent,50,543,796,no
24,80,female,80,no,glioblastoma,4,wt,5ALA+NAV+IONM+DES+ioUS,67.19,1.04,110.71,29.94,98.5,NTR,RT + TMZ,VMAT-IMRT-IGRT/60 Gy /30 fx,No,80,601,699,no
26,76,female,70,no,glioblastoma,4,mut,5ALA+NAV+DES+ioUS,91.04,0.74,131.43,73.1,99.2,NTR,RT + TMZ,VMAT-IMRT-IGRT/50 Gy /20 fx,No,70,548,676,yes
25,63,male,50,surgery,glioblastoma,4,wt,5ALA+FL+NAV+ioUS,31.78,0.38,125,83.44,98.8,NTR,RT + TMZ,VMAT-IMRT-IGRT/60 Gy /30 fx,No,50,166,400,no
29,68,male,50,no,glioblastoma,4,mut,5ALA+NAV+IONM+DES+ioUS,23.98,0.3,32.46,17.2,98.7,NTR,RT + TMZ,VMAT-IMRT-IGRT/40.5 Gy /15 fx,No,50,685,957,no
15,70,male,50,surgery,glioblastoma,4,wt,5ALA+NAV+IONM+DES+ioUS,11.01,0.08,73.59,51.64,99.3,NTR,RT + TMZ,VMAT-IMRT-IGRT/50 Gy /20 fx,No,40,323,613,no
1,74,male,90,no,glioblastoma,4,wt,5ALA+NAV+DES+ioUS,39.85,0.41,32.95,12.35,99,NTR,RT + TMZ,VMAT-IMRT-IGRT/60 Gy /30 fx,No,90,639,938,no
25,72,female,80,surgery,glioblastoma,4,wt,5ALA+NAV+IONM+DES+ioUS,67.62,0.56,45.29,34.84,99.2,NTR,RT + TMZ,VMAT-IMRT-IGRT/50 Gy /20 fx,Minor Persistent,70,767,909,no
7,60,female,90,no,glioblastoma,4,wt,5ALA+NAV+IONM+DES+ioUS,14.79,0.02,140.39,27.12,99.9,NTR,RT + TMZ,VMAT-IMRT-IGRT/50 Gy /20 fx,No,90,601,804,yes
9,71,male,80,no,glioblastoma,4,wt,5ALA+NAV+DES+ioUS,45.83,0.4,80.93,13.88,99.1,NTR,RT + TMZ,VMAT-IMRT-IGRT/50 Gy /20 fx,No,70,714,781,no
24,62,male,90,no,glioblastoma,4,NOS,5ALA+NAV+ioUS,2.08,0,90.3,50.67,100,GTR,RT + TMZ,VMAT-IMRT-IGRT/50 Gy /20 fx,No,90,781,926,no
1,72,female,90,surgery + QT/RT,glioblastoma,4,wt,5ALA+NAV+DES+ioUS,98.42,0.8,36.77,27.94,99.2,NTR,RT + TMZ,VMAT-IMRT-IGRT/60 Gy /30 fx,No,90,247,510,no
8,42,female,70,surgery,glioblastoma,4,wt,5ALA+NAV+ioUS,16.29,0.19,56.84,37.87,98.8,NTR,RT + TMZ,VMAT-IMRT-IGRT/40.5 Gy /15 fx,No,70,121,208,no
24,57,male,90,no,glioblastoma,4,wt,5ALA+FL+NAV+ioUS,34.72,0.4,44.54,6.84,98.8,NTR,RT + TMZ,VMAT-IMRT-IGRT/60 Gy /30 fx,Transient,90,606,864,no
11,64,male,60,surgery + QT/RT,glioblastoma,4,wt,5ALA+NAV+ioUS,3.19,0.04,40.93,12.1,98.7,NTR,RT + TMZ,VMAT-IMRT-IGRT/60 Gy /30 fx,Transient,60,436,572,yes
17,81,male,70,no,glioblastoma,4,wt,5ALA+NAV+ioUS,52.44,0.1,105.69,79.4,99.8,NTR,RT + TMZ,VMAT-IMRT-IGRT/60 Gy /30 fx,No,50,235,372,no
8,70,female,90,surgery + QT/RT,glioblastoma,4,mut,5ALA+FL+NAV+ioUS,100.97,1.32,48.53,13.45,98.7,NTR,RT + TMZ,VMAT-IMRT-IGRT/40.5 Gy /15 fx,Transient,90,426,525,no
33,42,female,50,no,glioblastoma,4,wt,5ALA+NAV+ioUS,47.67,0.3,104.8,67.79,99.4,NTR,RT + TMZ,VMAT-IMRT-IGRT/50 Gy /20 fx,Major Persistent,50,418,475,no
5,79,female,60,no,glioblastoma,4,wt,5ALA+NAV+DES+ioUS,22.36,0.18,18.77,12.72,99.2,NTR,RT + TMZ,VMAT-IMRT-IGRT/50 Gy /20 fx,Minor Persistent,50,734,952,yes
28,63,male,60,surgery,glioblastoma,4,wt,5ALA+NAV+ioUS,90.69,1.56,31.27,13.97,98.3,NTR,RT + TMZ,VMAT-IMRT-IGRT/50 Gy /20 fx,No,50,723,906,no
7,71,male,60,no,glioblastoma,4,wt,5ALA+FL+NAV+ioUS,94.87,0.02,51.18,18.96,100,GTR,RT + TMZ,VMAT-IMRT-IGRT/40.5 Gy /15 fx,Transient,60,780,898,no
9,61,female,70,no,glioblastoma,4,wt,5ALA+NAV+DES+ioUS,21.68,0.26,99.56,41.33,98.8,NTR,RT + TMZ,VMAT-IMRT-IGRT/50 Gy /20 fx,No,70,518,739,no
8,62,female,90,no,glioblastoma,4,wt,5ALA+FL+NAV+ioUS,92.73,1.11,111.38,28.83,98.8,NTR,RT + TMZ,VMAT-IMRT-IGRT/40.5 Gy /15 fx,Major Persistent,90,773,943,no
12,41,male,90,surgery,glioblastoma,4,wt,5ALA+FL+NAV+ioUS,113.73,0.9,76.41,55.21,99.2,NTR,RT + TMZ,VMAT-IMRT-IGRT/50 Gy /20 fx,No,90,484,597,no
34,66,female,50,no,glioblastoma,4,wt,5ALA+NAV+IONM+DES+ioUS,20.8,0.1,76.87,31.93,99.5,NTR,RT + TMZ,VMAT-IMRT-IGRT/50 Gy /20 fx,No,40,710,916,no
33,81,female,50,surgery + QT/RT,glioblastoma,4,NOS,5ALA+NAV+IONM+DES+ioUS,92.75,0.44,118.68,85.18,99.5,NTR,RT + TMZ,VMAT-IMRT-IGRT/60 Gy /30 fx,Transient,30,750,955,yes
23,41,male,60,no,glioblastoma,4,wt,5ALA+FL+NAV+ioUS,85.32,1.51,12.37,2.15,98.2,NTR,RT + TMZ,VMAT-IMRT-IGRT/40.5 Gy /15 fx,No,50,101,289,no
24,65,female,50,no,glioblastoma,4,wt,5ALA+FL+NAV+ioUS,57.36,0.51,61.16,48.43,99.1,NTR,RT + TMZ,VMAT-IMRT-IGRT/60 Gy /30 fx,Major Persistent,40,623,793,no
22,56,male,70,no,glioblastoma,4,NOS,5ALA+FL+NAV+ioUS,7.89,0.05,132.81,54.49,99.4,NTR,RT + TMZ,VMAT-IMRT-IGRT/60 Gy /30 fx,Major Persistent,70,706,820,no
27,79,male,90,no,glioblastoma,4,wt,5ALA+NAV+IONM+DES+ioUS,9.89,0.09,100.48,13.41,99.1,NTR,RT + TMZ,VMAT-IMRT-IGRT/60 Gy /30 fx,No,80,770,926,no
1,72,male,60,no,glioblastoma,4,mut,5ALA+NAV+IONM+DES+ioUS,102.44,1.37,60.58,7.67,98.7,NTR,RT + TMZ,VMAT-IMRT-IGRT/40.5 Gy /15 fx,No,50,791,987,yes
14,48,male,50,no,glioblastoma,4,wt,5ALA+NAV+ioUS,118.83,0.35,145.83,90.76,99.7,NTR,RT + TMZ,VMAT-IMRT-IGRT/40.5 Gy /15 fx,No,50,384,570,yes
3,82,male,70,no,glioblastoma,4,wt,5ALA+NAV+ioUS,81.45,0.73,125.89,70.67,99.1,NTR,RT + TMZ,VMAT-IMRT-IGRT/50 Gy /20 fx,No,60,182,386,no
1,78,male,70,no,glioblastoma,4,mut,5ALA+FL+NAV+ioUS,54.07,0.64,49.73,32.9,98.8,NTR,RT + TMZ,VMAT-IMRT-IGRT/60 Gy /30 fx,No,70,67,278,no
5,68,male,50,surgery + QT/RT,glioblastoma,4,wt,5ALA+NAV+DES+ioUS,78.06,1.48,106.79,18.56,98.1,NTR,RT + TMZ,VMAT-IMRT-IGRT/50 Gy /20 fx,Transient,50,530,751,no
26,81,female,90,no,glioblastoma,4,wt,5ALA+NAV+DES+ioUS,71.73,0.36,99.36,12.41,99.5,NTR,RT + TMZ,VMAT-IMRT-IGRT/60 Gy /30 fx,No,80,348,593,no
14,65,male,50,no,glioblastoma,4,wt,5ALA+NAV+IONM+DES+ioUS,46.65,0.34,70.18,32,99.3,NTR,RT + TMZ,VMAT-IMRT-IGRT/40.5 Gy /15 fx,No,50,135,284,no
27,74,male,60,no,glioblastoma,4,mut,5ALA+NAV+IONM+DES+ioUS,8.81,0.07,65.04,24.15,99.2,NTR,RT + TMZ,VMAT-IMRT-IGRT/40.5 Gy /15 fx,Major Persistent,60,356,487,no
9,64,female,50,no,glioblastoma,4,wt,5ALA+NAV+IONM+DES+ioUS,98.76,1.2,61.53,26.05,98.8,NTR,RT + TMZ,VMAT-IMRT-IGRT/40.5 Gy /15 fx,No,50,756,948,no
15,63,female,70,no,glioblastoma,4,wt,5ALA+FL+NAV+ioUS,45.25,0.32,102.57,81.45,99.3,NTR,RT + TMZ,VMAT-IMRT-IGRT/60 Gy /30 fx,No,70,166,266,no
15,52,female,50,no,glioblastoma,4,wt,5ALA+NAV+DES+ioUS,98.44,1.05,76.36,59.52,98.9,NTR,RT + TMZ,VMAT-IMRT-IGRT/40.5 Gy /15 fx,Minor Persistent,30,594,784,no
26,46,male,90,no,glioblastoma,4,wt,5ALA+NAV+ioUS,31.05,0.49,134.78,102.38,98.4,NTR,RT + TMZ,VMAT-IMRT-IGRT/60 Gy /30 fx,No,90,342,474,no
13,75,female,80,no,glioblastoma,4,wt,5ALA+FL+NAV+ioUS,1.12,0.02,110.44,71.64,98.2,NTR,RT + TMZ,VMAT-IMRT-IGRT/50 Gy /20 fx,Transient,80,462,688,yes
32,84,male,50,no,glioblastoma,4,wt,5ALA+NAV+ioUS,19.91,0.18,20.49,7.14,99.1,NTR,RT + TMZ,VMAT-IMRT-IGRT/60 Gy /30 fx,Major Persistent,40,32,279,no
32,59,male,90,no,glioblastoma,4,wt,5ALA+NAV+ioUS,56.76,0.98,106.03,41.19,98.3,NTR,RT + TMZ,VMAT-IMRT-IGRT/50 Gy /20 fx,Minor Persistent,90,513,674,no
4,40,male,90,no,glioblastoma,4,wt,5ALA+FL+NAV+ioUS,113.37,1.27,50.67,24.56,98.9,NTR,RT + TMZ,VMAT-IMRT-IGRT/60 Gy /30 fx,No,90,720,825,no
30,47,male,70,no,glioblastoma,4,mut,5ALA+NAV+ioUS,13.16,0.14,98.92,67.4,98.9,NTR,RT + TMZ,VMAT-IMRT-IGRT/50 Gy /20 fx,No,70,306,559,no
23,55,female,90,no,glioblastoma,4,wt,5ALA+NAV+DES+ioUS,102.65,0.07,112.02,16.59,99.9,NTR,RT + TMZ,VMAT-IMRT-IGRT/40.5 Gy /15 fx,No,80,739,967,no
15,53,female,90,no,glioblastoma,4,wt,5ALA+NAV+ioUS,63.72,1.26,44.62,17.71,98,NTR,RT + TMZ,VMAT-IMRT-IGRT/50 Gy /20 fx,Transient,90,133,347,no
29,51,male,90,no,glioblastoma,4,wt,5ALA+NAV+DES+ioUS,99.28,0.24,78.53,12.39,99.8,NTR,RT + TMZ,VMAT-IMRT-IGRT/40.5 Gy /15 fx,Minor Persistent,90,499,693,yes
13,62,male,90,no,glioblastoma,4,wt,5ALA+NAV+DES+ioUS,36.51,0.17,38.55,17.74,99.5,NTR,RT + TMZ,VMAT-IMRT-IGRT/40.5 Gy /15 fx,No,90,41,276,no
32,54,male,60,surgery,glioblastoma,4,wt,5ALA+NAV+DES+ioUS,100.95,0.1,17.85,13.02,99.9,NTR,RT + TMZ,VMAT-IMRT-IGRT/50 Gy /20 fx,No,60,368,632,no
7,67,female,60,no,glioblastoma,4,wt,5ALA+NAV+IONM+DES+ioUS,92.97,1.19,66.77,43.25,98.7,NTR,RT + TMZ,VMAT-IMRT-IGRT/60 Gy /30 fx,No,60,745,1012,no
22,73,male,70,no,glioblastoma,4,NOS,5ALA+NAV+ioUS,28.38,0.13,64.44,16.72,99.5,NTR,RT + TMZ,VMAT-IMRT-IGRT/60 Gy /30 fx,No,70,702,908,no
28,41,male,50,surgery + QT/RT,glioblastoma,4,wt,5ALA+FL+NAV+ioUS,16.63,0.06,159.32,124.78,99.6,NTR,RT + TMZ,VMAT-IMRT-IGRT/60 Gy /30 fx,Transient,50,585,795,yes
2,71,female,90,surgery + QT/RT,glioblastoma,4,mut,5ALA+FL+NAV+ioUS,104.3,0.18,76.95,43.64,99.8,NTR,RT + TMZ,VMAT-IMRT-IGRT/60 Gy /30 fx,No,80,339,448,no
6,62,female,50,no,glioblastoma,4,wt,5ALA+NAV+ioUS,115.63,0.24,60.04,6.44,99.8,NTR,RT + TMZ,VMAT-IMRT-IGRT/60 Gy /30 fx,Minor Persistent,50,145,413,no
28,61,male,50,no,glioblastoma,4,NOS,5ALA+NAV+IONM+DES+ioUS,4.72,0.06,97.07,27.06,98.7,NTR,RT + TMZ,VMAT-IMRT-IGRT/40.5 Gy /15 fx,Transient,40,296,562,no
28,64,female,70,surgery + QT/RT,glioblastoma,4,wt,5ALA+NAV+IONM+DES+ioUS,88.02,1.21,23.32,6.59,98.6,NTR,RT + TMZ,VMAT-IMRT-IGRT/60 Gy /30 fx,No,50,223,392,no
20,61,female,90,no,glioblastoma,4,mut,5ALA+NAV+DES+ioUS,109.23,0.87,154.25,22.9,99.2,NTR,RT + TMZ,VMAT-IMRT-IGRT/40.5 Gy /15 fx,No,80,213,445,no
30,61,male,90,no,glioblastoma,4,wt,5ALA+NAV+ioUS,103.03,0.99,105.24,81.23,99,NTR,RT + TMZ,VMAT-IMRT-IGRT/40.5 Gy /15 fx,No,90,700,887,yes
11,81,female,80,no,glioblastoma,4,wt,5ALA+NAV+ioUS,115.78,1.59,123.23,53.58,98.6,NTR,RT + TMZ,VMAT-IMRT-IGRT/40.5 Gy /15 fx,No,80,683,907,no
28,45,male,50,surgery,glioblastoma,4,wt,5ALA+FL+NAV+ioUS,91.45,0.03,35.57,25.86,100,GTR,RT + TMZ,VMAT-IMRT-IGRT/50 Gy /20 fx,Transient,50,566,638,no
25,54,female,50,no,glioblastoma,4,wt,5ALA+NAV+ioUS,53.63,0.35,71.42,23.25,99.3,NTR,RT + TMZ,VMAT-IMRT-IGRT/50 Gy /20 fx,Transient,50,715,977,yes
33,82,male,60,no,glioblastoma,4,wt,5ALA+NAV+IONM+DES+ioUS,38.12,0.74,73.4,13.77,98.1,NTR,RT + TMZ,VMAT-IMRT-IGRT/40.5 Gy /15 fx,Transient,60,305,503,yes
1,76,male,80,surgery,glioblastoma,4,wt,5ALA+NAV+ioUS,39.17,0.45,133.27,57.58,98.9,NTR,RT + TMZ,VMAT-IMRT-IGRT/50 Gy /20 fx,No,60,76,360,yes
27,72,male,60,no,glioblastoma,4,wt,5ALA+FL+NAV+ioUS,87.21,0.44,10.19,1.83,99.5,NTR,RT + TMZ,VMAT-IMRT-IGRT/60 Gy /30 fx,No,50,753,815,yes
13,47,female,60,no,glioblastoma,4,wt,5ALA+NAV+DES+ioUS,89.75,0.94,55.13,24.27,99,NTR,RT + TMZ,VMAT-IMRT-IGRT/60 Gy /30 fx,Transient,60,322,472,no
3,83,male,60,no,glioblastoma,4,mut,5ALA+FL+NAV+ioUS,24.84,0.17,157.19,116.98,99.3,NTR,RT + TMZ,VMAT-IMRT-IGRT/40.5 Gy /15 fx,No,60,182,392,no
6,83,female,70,surgery + QT/RT,glioblastoma,4,wt,5ALA+FL+NAV+ioUS,104.31,1.11,81.23,37.73,98.9,NTR,RT + TMZ,VMAT-IMRT-IGRT/60 Gy /30 fx,No,60,38,111,no
8,44,male,70,no,glioblastoma,4,wt,5ALA+NAV+DES+ioUS,86.08,0.22,67.38,35.82,99.7,NTR,RT + TMZ,VMAT-IMRT-IGRT/40.5 Gy /15 fx,No,70,389,546,no
27,78,male,60,no,glioblastoma,4,wt,5ALA+FL+NAV+ioUS,67.97,0.18,27.97,5.86,99.7,NTR,RT + TMZ,VMAT-IMRT-IGRT/40.5 Gy /15 fx,No,60,283,343,no
9,43,female,80,no,glioblastoma,4,wt,5ALA+FL+NAV+ioUS,57.11,0.16,156.12,20.39,99.7,NTR,RT + TMZ,VMAT-IMRT-IGRT/60 Gy /30 fx,No,70,132,198,no
33,45,male,50,no,glioblastoma,4,wt,5ALA+NAV+ioUS,65.64,1.23,13,2.31,98.1,NTR,RT + TMZ,VMAT-IMRT-IGRT/50 Gy /20 fx,No,50,507,752,no
24,84,male,80,no,glioblastoma,4,wt,5ALA+NAV+ioUS,19.95,0.29,120.58,62.58,98.5,NTR,RT + TMZ,VMAT-IMRT-IGRT/60 Gy /30 fx,Major Persistent,80,346,570,no
15,71,female,90,surgery,glioblastoma,4,wt,5ALA+NAV+DES+ioUS,25.24,0.08,125.29,20.86,99.7,NTR,RT + TMZ,VMAT-IMRT-IGRT/60 Gy /30 fx,No,90,561,635,no
32,69,male,70,no,glioblastoma,4,mut,5ALA+NAV+ioUS,11.85,0.04,46.55,16.91,99.7,NTR,RT + TMZ,VMAT-IMRT-IGRT/40.5 Gy /15 fx,No,60,666,809,no
32,74,male,50,no,glioblastoma,4,wt,5ALA+NAV+ioUS,19.29,0.28,110.73,53.71,98.5,NTR,RT + TMZ,VMAT-IMRT-IGRT/40.5 Gy /15 fx,No,50,598,848,no
24,79,male,50,no,glioblastoma,4,wt,5ALA+FL+NAV+ioUS,54.99,0.17,23.94,8.91,99.7,NTR,RT + TMZ,VMAT-IMRT-IGRT/40.5 Gy /15 fx,Minor Persistent,50,84,154,yes
12,55,male,90,no,glioblastoma,4,wt,5ALA+NAV+IONM+DES+ioUS,64.11,0.3,48.56,10.42,99.5,NTR,RT + TMZ,VMAT-IMRT-IGRT/40.5 Gy /15 fx,No,90,311,444,no
2,52,female,90,no,glioblastoma,4,mut,5ALA+NAV+ioUS,3.13,0.06,128.19,37.39,98.1,NTR,RT + TMZ,VMAT-IMRT-IGRT/50 Gy /20 fx,No,90,44,304,no
3,81,female,60,no,glioblastoma,4,mut,5ALA+NAV+IONM+DES+ioUS,95.82,0.49,139.7,104.75,99.5,NTR,RT + TMZ,VMAT-IMRT-IGRT/50 Gy /20 fx,No,60,568,828,no
17,69,male,70,no,glioblastoma,4,wt,5ALA+NAV+ioUS,36.01,0.48,101.27,58.05,98.7,NTR,RT + TMZ,VMAT-IMRT-IGRT/50 Gy /20 fx,Transient,60,20,209,no
2,58,female,70,no,glioblastoma,4,wt,5ALA+NAV+ioUS,109.51,2.14,86.03,38.48,98,NTR,RT + TMZ,VMAT-IMRT-IGRT/40.5 Gy /15 fx,No,70,568,654,no
2,56,male,80,no,glioblastoma,4,wt,5ALA+NAV+DES+ioUS,116.13,0.87,33.9,3.69,99.3,NTR,RT + TMZ,VMAT-IMRT-IGRT/40.5 Gy /15 fx,Transient,70,160,251,no
28,58,female,60,no,glioblastoma,4,wt,5ALA+NAV+DES+ioUS,23.07,0.01,19.47,15.47,100,GTR,RT + TMZ,VMAT-IMRT-IGRT/40.5 Gy /15 fx,Minor Persistent,60,763,957,no
23,67,male,60,no,glioblastoma,4,wt,5ALA+NAV+DES+ioUS,55.99,0.27,27.65,15.76,99.5,NTR,RT + TMZ,VMAT-IMRT-IGRT/50 Gy /20 fx,No,60,667,817,no
32,65,male,60,no,glioblastoma,4,wt,5ALA+NAV+IONM+DES+ioUS,1.15,0.02,44.1,14.19,98.3,NTR,RT + TMZ,VMAT-IMRT-IGRT/40.5 Gy /15 fx,Transient,60,207,502,no
33,76,male,60,no,glioblastoma,4,wt,5ALA+FL+NAV+ioUS,72.2,1.25,61.25,43.82,98.3,NTR,RT + TMZ,VMAT-IMRT-IGRT/60 Gy /30 fx,No,60,147,244,no
1,65,male,70,no,glioblastoma,4,wt,5ALA+NAV+ioUS,73.27,1.13,67.14,18.86,98.5,NTR,RT + TMZ,VMAT-IMRT-IGRT/60 Gy /30 fx,Minor Persistent,70,220,372,no
19,62,male,70,no,glioblastoma,4,wt,5ALA+NAV+ioUS,30.46,0.07,61.95,29.79,99.8,NTR,RT + TMZ,VMAT-IMRT-IGRT/40.5 Gy /15 fx,No,70,146,223,yes
2,48,male,60,surgery,glioblastoma,4,wt,5ALA+NAV+ioUS,67.45,1.07,45.86,25.01,98.4,NTR,RT + TMZ,VMAT-IMRT-IGRT/60 Gy /30 fx,Minor Persistent,60,276,366,no
26,51,female,80,no,glioblastoma,4,wt,5ALA+NAV+IONM+DES+ioUS,27.84,0.51,86.46,22.03,98.2,NTR,RT + TMZ,VMAT-IMRT-IGRT/60 Gy /30 fx,No,80,695,843,yes
32,40,male,50,no,glioblastoma,4,wt,5ALA+NAV+DES+ioUS,20.14,0.24,133.79,105.01,98.8,NTR,RT + TMZ,VMAT-IMRT-IGRT/50 Gy /20 fx,No,50,566,662,no
6,40,female,50,no,glioblastoma,4,NOS,5ALA+FL+NAV+ioUS,78.53,1.48,51.96,32.41,98.1,NTR,RT + TMZ,VMAT-IMRT-IGRT/40.5 Gy /15 fx,No,40,213,502,no
32,73,male,80,surgery + QT/RT,glioblastoma,4,mut,5ALA+NAV+IONM+DES+ioUS,39.79,0.66,151.36,74.24,98.3,NTR,RT + TMZ,VMAT-IMRT-IGRT/40.5 Gy /15 fx,No,60,722,917,yes
4,71,female,60,no,glioblastoma,4,mut,5ALA+NAV+DES+ioUS,71.24,0.95,141,31.92,98.7,NTR,RT + TMZ,VMAT-IMRT-IGRT/50 Gy /20 fx,No,60,123,378,yes
11,64,female,70,no,glioblastoma,4,wt,5ALA+NAV+IONM+DES+ioUS,52.56,0.61,34.26,4.72,98.8,NTR,RT + TMZ,VMAT-IMRT-IGRT/60 Gy /30 fx,No,70,554,830,no
17,79,female,50,no,glioblastoma,4,mut,5ALA+FL+NAV+ioUS,118.14,0.82,127.94,41.46,99.3,NTR,RT + TMZ,VMAT-IMRT-IGRT/60 Gy /30 fx,No,50,284,569,no
24,84,male,90,no,glioblastoma,4,wt,5ALA+NAV+DES+ioUS,18.8,0.06,96.19,60.33,99.7,NTR,RT + TMZ,VMAT-IMRT-IGRT/40.5 Gy /15 fx,No,90,403,557,yes
5,40,male,90,no,glioblastoma,4,wt,5ALA+NAV+IONM+DES+ioUS,56.29,0.68,94.99,27.41,98.8,NTR,RT + TMZ,VMAT-IMRT-IGRT/60 Gy /30 fx,Transient,90,279,452,no
34,55,female,80,no,glioblastoma,4,wt,5ALA+FL+NAV+ioUS,81.97,0.52,68.66,32.8,99.4,NTR,RT + TMZ,VMAT-IMRT-IGRT/50 Gy /20 fx,No,70,433,681,yes
6,78,male,60,no,glioblastoma,4,wt,5ALA+NAV+ioUS,48.07,0.83,85.17,51.92,98.3,NTR,RT + TMZ,VMAT-IMRT-IGRT/50 Gy /20 fx,No,60,377,659,no
22,44,female,50,no,glioblastoma,4,wt,5ALA+FL+NAV+ioUS,116.99,2.32,69.58,12.22,98,NTR,RT + TMZ,VMAT-IMRT-IGRT/40.5 Gy /15 fx,No,50,94,156,no
11,61,male,60,no,glioblastoma,4,wt,5ALA+NAV+ioUS,86.9,1.31,90.96,52.73,98.5,NTR,RT + TMZ,VMAT-IMRT-IGRT/50 Gy /20 fx,No,50,374,633,no
16,68,female,50,no,glioblastoma,4,wt,5ALA+NAV+IONM+DES+ioUS,79.18,0.14,104.19,17.12,99.8,NTR,RT + TMZ,VMAT-IMRT-IGRT/50 Gy /20 fx,Major Persistent,50,603,881,no
33,42,female,80,no,glioblastoma,4,NOS,5ALA+NAV+DES+ioUS,91.09,0.53,111.15,86.21,99.4,NTR,RT + TMZ,VMAT-IMRT-IGRT/40.5 Gy /15 fx,No,70,790,980,no
9,51,male,80,no,glioblastoma,4,mut,5ALA+NAV+DES+ioUS,114.37,0.25,89.87,39.71,99.8,NTR,RT + TMZ,VMAT-IMRT-IGRT/50 Gy /20 fx,Transient,80,207,356,no
6,65,female,90,no,glioblastoma,4,wt,5ALA+NAV+IONM+DES+ioUS,109.03,1.42,118.21,24.29,98.7,NTR,RT + TMZ,VMAT-IMRT-IGRT/50 Gy /20 fx,Major Persistent,90,704,784,yes
16,55,male,60,no,glioblastoma,4,wt,5ALA+NAV+DES+ioUS,87.19,1.33,31.19,10.59,98.5,NTR,RT + TMZ,VMAT-IMRT-IGRT/50 Gy /20 fx,Transient,60,309,488,yes
29,76,female,90,no,glioblastoma,4,wt,5ALA+NAV+DES+ioUS,90.15,1.67,41.8,16.28,98.1,NTR,RT + TMZ,VMAT-IMRT-IGRT/60 Gy /30 fx,No,90,64,129,yes
3,61,female,60,no,glioblastoma,4,mut,5ALA+NAV+ioUS,18.36,0.16,132.81,83.77,99.1,NTR,RT + TMZ,VMAT-IMRT-IGRT/40.5 Gy /15 fx,Transient,40,592,778,no
20,68,male,90,no,glioblastoma,4,wt,5ALA+NAV+IONM+DES+ioUS,13.23,0.24,58.38,36.22,98.2,NTR,RT + TMZ,VMAT-IMRT-IGRT/40.5 Gy /15 fx,Major Persistent,90,102,224,yes
19,53,male,70,no,glioblastoma,4,wt,5ALA+FL+NAV+ioUS,68.94,1.21,13.43,7.1,98.2,NTR,RT + TMZ,VMAT-IMRT-IGRT/40.5 Gy /15 fx,No,50,142,357,no
26,67,male,70,no,glioblastoma,4,NOS,5ALA+NAV+ioUS,3.19,0.02,33.07,5.76,99.4,NTR,RT + TMZ,VMAT-IMRT-IGRT/60 Gy /30 fx,No,70,377,629,no
3,44,female,70,no,glioblastoma,4,mut,5ALA+NAV+IONM+DES+ioUS,58.4,1.01,43.54,8.97,98.3,NTR,RT + TMZ,VMAT-IMRT-IGRT/60 Gy /30 fx,No,70,547,650,no
19,69,male,70,no,glioblastoma,4,wt,5ALA+NAV+ioUS,26.03,0.2,153.6,25.44,99.2,NTR,RT + TMZ,VMAT-IMRT-IGRT/40.5 Gy /15 fx,No,70,85,318,no
20,44,female,50,no,glioblastoma,4,wt,5ALA+FL+NAV+ioUS,42.18,0.25,95.96,48.37,99.4,NTR,RT + TMZ,VMAT-IMRT-IGRT/60 Gy /30 fx,No,50,676,939,no
32,51,female,70,no,glioblastoma,4,wt,5ALA+FL+NAV+ioUS,93.32,1.21,149.91,107.04,98.7,NTR,RT + TMZ,VMAT-IMRT-IGRT/40.5 Gy /15 fx,No,50,394,668,no
7,55,male,80,surgery,glioblastoma,4,wt,5ALA+NAV+IONM+DES+ioUS,113.01,0.74,96.27,38.86,99.3,NTR,RT + TMZ,VMAT-IMRT-IGRT/60 Gy /30 fx,No,80,181,330,no
33,65,male,80,surgery + QT/RT,glioblastoma,4,wt,5ALA+FL+NAV+ioUS,9.62,0.12,81.9,17.41,98.8,NTR,RT + TMZ,VMAT-IMRT-IGRT/50 Gy /20 fx,No,80,765,923,no
18,65,female,50,no,glioblastoma,4,wt,5ALA+NAV+ioUS,64.57,0.79,57.06,28,98.8,NTR,RT + TMZ,VMAT-IMRT-IGRT/50 Gy /20 fx,No,50,399,535,no
1,60,female,70,no,glioblastoma,4,wt,5ALA+FL+NAV+ioUS,106.02,1.19,100.96,67.46,98.9,NTR,RT + TMZ,VMAT-IMRT-IGRT/40.5 Gy /15 fx,No,70,675,897,yes
11,78,male,70,no,glioblastoma,4,wt,5ALA+NAV+ioUS,10.82,0.08,30.88,19.12,99.3,NTR,RT + TMZ,VMAT-IMRT-IGRT/60 Gy /30 fx,No,70,377,663,no
28,75,male,70,no,glioblastoma,4,mut,5ALA+NAV+ioUS,99.12,1.09,144.74,103.78,98.9,NTR,RT + TMZ,VMAT-IMRT-IGRT/60 Gy /30 fx,No,70,207,418,no
25,72,male,90,no,glioblastoma,4,mut,5ALA+FL+NAV+ioUS,43.58,0.52,134.4,39.59,98.8,NTR,RT + TMZ,VMAT-IMRT-IGRT/50 Gy /20 fx,No,80,341,527,yes
23,69,male,60,surgery + QT/RT,glioblastoma,4,mut,5ALA+NAV+IONM+DES+ioUS,39.33,0.43,57.63,13.59,98.9,NTR,RT + TMZ,VMAT-IMRT-IGRT/50 Gy /20 fx,Transient,60,469,734,no
31,76,male,90,no,glioblastoma,4,NOS,5ALA+NAV+DES+ioUS,117.32,1.04,152.92,109.47,99.1,NTR,RT + TMZ,VMAT-IMRT-IGRT/60 Gy /30 fx,No,90,493,550,yes
30,62,female,60,no,glioblastoma,4,mut,5ALA+FL+NAV+ioUS,24.9,0.01,133.78,74.96,100,GTR,RT + TMZ,VMAT-IMRT-IGRT/60 Gy /30 fx,No,60,32,88,no
7,49,female,70,no,glioblastoma,4,mut,5ALA+NAV+ioUS,83.49,0.98,109.95,34.93,98.8,NTR,RT + TMZ,VMAT-IMRT-IGRT/60 Gy /30 fx,Transient,70,203,288,yes
16,44,female,70,no,glioblastoma,4,wt,5ALA+NAV+ioUS,98.75,0.33,28.26,17.51,99.7,NTR,RT + TMZ,VMAT-IMRT-IGRT/60 Gy /30 fx,No,50,130,197,no
26,75,female,90,no,glioblastoma,4,wt,5ALA+FL+NAV+ioUS,5.9,0.08,81.74,54.81,98.6,NTR,RT + TMZ,VMAT-IMRT-IGRT/60 Gy /30 fx,No,90,527,579,no
2,73,male,90,no,glioblastoma,4,NOS,5ALA+NAV+IONM+DES+ioUS,80.78,1.23,85.92,45.58,98.5,NTR,RT + TMZ,VMAT-IMRT-IGRT/60 Gy /30 fx,Minor Persistent,90,309,386,no
1,70,male,60,surgery + QT/RT,glioblastoma,4,wt,5ALA+NAV+IONM+DES+ioUS,114.23,1.14,44.88,26.1,99,NTR,RT + TMZ,VMAT-IMRT-IGRT/40.5 Gy /15 fx,Minor Persistent,60,314,433,no
12,49,male,80,no,glioblastoma,4,wt,5ALA+NAV+ioUS,15.78,0.17,21.99,7.98,98.9,NTR,RT + TMZ,VMAT-IMRT-IGRT/60 Gy /30 fx,No,80,470,755,no
5,58,female,60,no,glioblastoma,4,wt,5ALA+NAV+ioUS,107.65,2.05,126.51,60.36,98.1,NTR,RT + TMZ,VMAT-IMRT-IGRT/50 Gy /20 fx,No,60,234,455,no
32,71,female,90,no,glioblastoma,4,mut,5ALA+NAV+IONM+DES+ioUS,71.78,1.22,28.31,13.22,98.3,NTR,RT + TMZ,VMAT-IMRT-IGRT/40.5 Gy /15 fx,Major Persistent,70,651,849,yes
9,40,male,90,no,glioblastoma,4,NOS,5ALA+NAV+DES+ioUS,74.38,1.36,99.14,68.77,98.2,NTR,RT + TMZ,VMAT-IMRT-IGRT/60 Gy /30 fx,No,80,586,663,no
19,44,male,50,no,glioblastoma,4,wt,5ALA+FL+NAV+ioUS,73.94,1.2,150.47,103.52,98.4,NTR,RT + TMZ,VMAT-IMRT-IGRT/50 Gy /20 fx,No,30,46,327,no
16,84,female,90,no,glioblastoma,4,wt,5ALA+NAV+ioUS,36.56,0.08,141.42,96.57,99.8,NTR,RT + TMZ,VMAT-IMRT-IGRT/40.5 Gy /15 fx,Transient,90,649,752,no
3,43,female,50,no,glioblastoma,4,wt,5ALA+NAV+ioUS,112.29,0.33,51.66,5.56,99.7,NTR,RT + TMZ,VMAT-IMRT-IGRT/50 Gy /20 fx,No,50,752,983,no
